{"cameraMode":{"drawMode":0,"name":"Shaded","section":"Shading Mode"},"sceneLighting":false,"audioPlay":false,"sceneViewState":{"m_AlwaysRefresh":false,"showFog":true,"showSkybox":false,"showFlares":true,"showImageEffects":true,"showParticleSystems":true,"showVisualEffectGraphs":true,"m_FxEnabled":true},"in2DMode":false,"pivot":{"x":0.10224425792694092,"y":-0.03092951327562332,"z":0.9701241254806519},"rotation":{"x":0.028311211615800859,"y":0.11370715498924256,"z":-0.003241554833948612,"w":0.9931069016456604},"size":0.18605557084083558,"orthographic":false}