{"cameraMode":{"drawMode":0,"name":"Shaded","section":"Shading Mode"},"sceneLighting":true,"audioPlay":false,"sceneViewState":{"m_AlwaysRefresh":false,"showFog":true,"showSkybox":true,"showFlares":true,"showImageEffects":true,"showParticleSystems":true,"showVisualEffectGraphs":true,"m_FxEnabled":true},"in2DMode":false,"pivot":{"x":0.4915086328983307,"y":-0.2542717754840851,"z":0.9982484579086304},"rotation":{"x":-0.06146510690450668,"y":-0.01840410940349102,"z":0.0011032127076759935,"w":-0.9981868863105774},"size":0.2719890773296356,"orthographic":false}